date,venue,race_no,horse_name,horse_number,draw,weight,rating,age,sex,trainer,jockey,win_odds
,,1,"Captain Fenkel (AUS)",1,7,130,76,,,"M Beer & G Carpenter","Hugh Bowman",12
,,1,"I Park (NZ)",2,6,126,72,,,"Lauren Brennan","Tim Clark",7.8
,,1,"Le Troisir (NZ)",3,1,126,72,,,"Chris Waller","James McDonald",2.0
,,1,"Golden Century (NZ)",4,15,125,71,,,"Chris Waller","Tommy Berry",15
,,1,"Amplify (AUS)",5,6,123,74,,,"Ciaron Maher","TBC",
,,1,"Foire De Trone (NZ)",6,4,123,74,,,"Ciaron Maher","Ethan Brown",8.2
,,1,"Skycatcher (NZ)",7,14,123,70,,,"M Price & M Kent (Jnr)","Dylan Gibbons",17
,,1,"Celebrity (NZ)",8,12,122,69,,,"Bjorn Baker","Rachel King",22
,,1,"Forbidden Riff (AUS)",9,2,121,68,,,"R & W Freedman","Kerrin McEvoy",24
,,1,"Trapalanda (IRE)",10,11,121,68,,,"A & R Archibald","Tom Sherry",10
,,1,"Spacetime Legend (AUS)",11,8,119,59,,,"Joel Wilkes","Mikayla Weir",118
,,1,"Michelangelo (AUS)",12,9,117,63,,,"Dean Mirfin","Ben Thompson",29
,,1,"Seo Linn (IRE)",13,5,115,66,,,"Chris Waller","Tyler Schiller",91
,,1,"Anulfa (AUS)",14,3,115,59,,,"Stephen Hill","M Fitzgerald (a) (-7)",72
,,1,"Chuckler (AUS)",15,10,115,58,,,"Jack Pilkington","Reece Jones",122
,,1,"Autafinna (NZ)",16,13,115,54,,,"Patrick Cleave","Alysha Collett",57
,,2,"King Of The Sea (GB)",1,9,133,79,,,"Ciaron Maher","James McDonald",1.7
,,2,"The Creator (NZ)",2,1,133,79,,,"M Price & M Kent (Jnr)","Tommy Berry",5.6
,,2,"Montpellier (GB)",3,4,130,76,,,"A & R Archibald","M Fitzgerald (a) (-7)",12
,,2,"Walking Painting (GB)",4,8,130,76,,,"R & W Freedman","W Stanley (a) (-7)",75
,,2,"Zenmaster (AUS)",5,10,130,76,,,"Craig Carmody","Winona Costin",28
,,2,"Inquiring Minds (GB)",6,12,129,75,,,"J O'Shea & T Charlton","Hugh Bowman",42
,,2,"Zouna (AUS)",7,3,129,75,,,"J O'Shea & T Charlton","Kerrin McEvoy",25
,,2,"Pier Pressure (AUS)",8,7,127,77,,,"Kris Lees","Dylan Gibbons",
,,2,"Puntin (NZ)",9,5,127,73,,,"Bjorn Baker","Adam Hyeronimus",12
,,2,"Cosmeena (AUS)",10,6,126,76,,,"Michael Vella","Rachel King",36
,,2,"Champagne Hero (AUS)",11,15,125,71,,,"G Waterhouse & A Bott","Tim Clark",
,,2,"Avista (AUS)",12,14,123,74,,,"P Messara/L Gavranich","Braith Nock (a) (-3)",
,,2,"Cape Byron (AUS)",13,10,122,69,,,"M & M Conners","TBC",
,,2,"Barking Mad (AUS)",14,7,121,68,,,"Chris Waller","Tyler Schiller",11
,,2,"Scalextrics (AUS)",15,2,121,68,,,"Matthew Smith","Ashley Morgan",93
,,2,"Anthracite (NZ)",16,11,120,67,,,"Joseph Pride","Andrew Adkins",18
,,2,"I've Bean Tryin' (AUS)",17,2,120,67,,,"Matthew Kelley","Alysha Collett",
,,3,"Changingoftheguard (IRE)",1,4,131,113,,,"Kris Lees","Tim Clark",15
,,3,"Thebudgiesmugla (NZ)",2,6,121,101,,,"Bjorn Baker","Dylan Gibbons",5.8
,,3,"Glory Daze (IRE)",3,8,120,101,,,"Ciaron Maher","Regan Bayliss",
,,3,"Nellie Leylax (IRE)",4,5,120,99,,,"A & R Archibald","Alysha Collett",
,,3,"Boniface (FR)",5,5,119,94,,,"M Price & M Kent (Jnr)","Tommy Berry",2.4
,,3,"Sky Lab (AUS)",6,2,119,86,,,"Paul Perry","Shannen Llewellyn (a)",70
,,3,"Matusalem (AUS)",7,7,118,98,,,"Chris Waller","Tyler Schiller",9.1
,,3,"Belvedere Boys (AUS)",8,8,117,101,,,"Matthew Dunn","Kerrin McEvoy",28
,,3,"So You Are (AUS)",9,3,117,99,,,"Bjorn Baker","Rachel King",3.3
,,3,"Elliptical (AUS)",10,1,117,94,,,"Chris Waller","Andrew Adkins",10
,,4,"Savvy Hallie (AUS)",1,6,130,111,,,"Brad Widdup","Nash Rawiller",2.7
,,4,"Apocalyptic (AUS)",2,5,129,109,,,"Michael Freedman","Tommy Berry",2.7
,,4,"Midnight In Tokyo (AUS)",3,8,129,102,,,"Todd Pollard","Ben Thompson",
,,4,"Infancy (AUS)",4,4,128,105,,,"Kris Lees","Hugh Bowman",
,,4,"Catch The Glory (AUS)",5,7,127,107,,,"Jason Coyle","Adam Hyeronimus",19
,,4,"Prima Bella (NZ)",6,2,117,,,,"Matthew Smith","Kerrin McEvoy",5.0
,,4,"Karinska (AUS)",7,4,117,101,,,"Chris Waller","Tyler Schiller",22
,,4,"Stardom (AUS)",8,3,117,100,,,"G Waterhouse & A Bott","Rachel King",13
,,4,"Gatwick (AUS)",9,1,117,,,,"M Price & M Kent (Jnr)","Dylan Gibbons",9.5
,,5,"Cherry Bomshell (AUS)",1,2,126,103,,,"A & R Archibald","Ben Thompson",2.9
,,5,"Pembrey (AUS)",2,9,123,104,,,"Tony Gollan","James McDonald",4.8
,,5,"Agrarian Girl (AUS)",3,6,121,97,,,"G Waterhouse & A Bott","Tim Clark",6.4
,,5,"By Choice (AUS)",4,7,121,98,,,"G Waterhouse & A Bott","Rachel King",13
,,5,"Bangkok Hottie (AUS)",5,10,121,90,,,"David Payne","Kerrin McEvoy",5.6
,,5,"Krasina (AUS)",6,1,121,86,,,"David Payne","Ashley Morgan",23
,,5,"Global Goal (AUS)",7,4,121,,,,"John Sargent","Dylan Gibbons",14
,,5,"Reachin' Out (AUS)",8,5,121,88,,,"G Waterhouse & A Bott","Regan Bayliss",42
,,5,"Striking Alibi (AUS)",9,3,121,82,,,"Chris Waller","Tommy Berry",
,,5,"Coco Affair (AUS)",10,3,121,,,,"J O'Shea & T Charlton","Ethan Brown",23
,,5,"Screen Icon (AUS)",11,8,121,100,,,"John Thompson","Chad Schofield",12
,,6,"Midnight In Tokyo (AUS)",1,6,128,102,,,"Todd Pollard","Ben Thompson",5.6
,,6,"Disneck (AUS)",2,8,128,104,,,"Bjorn Baker","Tim Clark",16
,,6,"Enriched (AUS)",3,2,128,102,,,"Michael Freedman","Kerrin McEvoy",4.7
,,6,"Aviatress (AUS)",4,4,127,104,,,"Liam Ruddy","Alysha Collett",40
,,6,"Infancy (AUS)",5,3,127,105,,,"Kris Lees","Dylan Gibbons",17
,,6,"Catch The Glory (AUS)",6,7,126,107,,,"Jason Coyle","Adam Hyeronimus",
,,6,"Matcha Latte (AUS)",7,5,126,99,,,"Nacim Dilmi","Ashley Morgan",8.8
,,6,"Campione D'Italia (AUS)",8,7,125,112,,,"Chris Waller","Tommy Berry",3.4
,,6,"Soothsayer (AUS)",9,1,123,97,,,"Michael Freedman","Rachel King",3.6
,,6,"Carbonados (NZ)",10,10,121,,,,"Ben, Will & JD Hayes","Chad Schofield",
,,7,"Ceolwulf (NZ)",1,6,130,119,,,"Joseph Pride","Chad Schofield",78
,,7,"Gringotts (NZ)",2,5,130,117,,,"Ciaron Maher","Ethan Brown",27
,,7,"Lindermann (AUS)",3,10,130,116,,,"Chris Waller","Hugh Bowman",44
,,7,"Midnight Dynamite (AUS)",4,4,130,106,,,"Bjorn Baker","Tim Clark",56
,,7,"Beiwacht (AUS)",5,4,129,118,,,"Chris Waller","Nash Rawiller",
,,7,"Autumn Boy (AUS)",6,6,129,115,,,"Chris Waller","Adam Hyeronimus",
,,7,"Green Spaces (AUS)",7,11,129,114,,,"Bjorn Baker","Rachel King",70
,,7,"Autumn Glow (AUS)",8,3,126,120,,,"Chris Waller","James McDonald",1.4
,,7,"Aeliana (NZ)",9,9,126,115,,,"Chris Waller","Nash Rawiller         ",16
,,7,"Fangirl (AUS)",10,8,126,115,,,"Chris Waller","Tommy Berry",35
,,7,"Idle Flyer (AUS)",11,7,126,114,,,"Matthew Smith","Tyler Schiller",53
,,7,"Lady Shenandoah (AUS)",12,2,126,112,,,"Chris Waller","Kerrin McEvoy",25
,,7,"Barnavara (IRE)",13,13,126,112,,,"Chris Waller","Sam Clipperton",
,,7,"Sheza Alibi (AUS)",14,1,125,118,,,"P G Moody & K Coleman","Luke Nolen",3.8
,,8,"Columbia Blue (AUS)",1,9,133,79,,,"Joseph Pride","Nash Rawiller",3.4
,,8,"Sovereign Hill (AUS)",2,4,132,78,,,"G Waterhouse & A Bott","Adam Hyeronimus",14
,,8,"Zouper Fund (AUS)",3,15,132,78,,,"Ciaron Maher","S Llewellyn (a) (-6)",
,,8,"Mogo Magic (AUS)",4,11,131,77,,,"Scott Collings","Braith Nock (a) (-3)",21
,,8,"Bartolf (AUS)",5,8,130,76,,,"J O'Shea & T Charlton","Hugh Bowman",13
,,8,"Alabama State (AUS)",6,13,129,75,,,"Jack Pilkington","Ethan Brown           ",27
,,8,"Call Me Gorgeous (AUS)",7,10,129,75,,,"David Pfieffer","Kerrin McEvoy",7.0
,,8,"Exit Fee (NZ)",8,6,127,73,,,"Danny Williams","Chad Schofield",20
,,8,"Snack Bar (AUS)",9,5,127,73,,,"Bjorn Baker","Rachel King",15
,,8,"Annie's Rose (AUS)",10,7,126,76,,,"Kristen Buchanan","Reece Jones",22
,,8,"Hidrix (AUS)",11,3,125,79,,,"Chris Waller","James McDonald",7.7
,,8,"Love Shuck (AUS)",12,12,125,71,,,"Todd Smart","Sairyn Fawke",64
,,8,"Ernaux (AUS)",13,2,121,72,,,"Chris Waller","Tommy Berry",4.1
,,8,"Micro Mikki (AUS)",14,6,121,68,,,"Brett Robb","Sam Clipperton",
,,8,"Chemtrail (AUS)",15,1,115,60,,,"Danny Williams","Andrew Adkins",124
,,1,"Limestone (IRE)",1,6,135,105,,,"Joseph O'Brien","Ryan Moore",3.7
,,1,"Infraad (IRE)",2,4,127,97,,,"William Haggas","Tom Marquand",4.3
,,1,"Into The Light (GB)",3,5,126,96,,,"Charlie Appleby","William Buick",12
,,1,"Tierra Del Toro (GB)",4,15,125,95,,,"Ralph Beckett","James Doyle",35
,,1,"Mythical Bay (IRE)",5,3,122,92,,,"Andrew Balding","Oisin Murphy",5.3
,,1,"Galilean Quality (IRE)",6,9,121,91,,,"Karl Burke","Sam James",14
,,1,"My Ballyquinn (GB)",7,10,119,89,,,"David O'Meara","Mark Winn",42
,,1,"Glory Road (GER)",8,17,118,88,,,"Ralph Beckett","Edward Greatrex",20
,,1,"Sharkeyboy (FR)",9,2,118,88,,,"Willie Mullins","Saffie Osborne",11
,,1,"Who's Lope (GB)",10,7,116,86,,,"Andrew Balding","Nicola Currie",37
,,1,"Baltic Fleet (IRE)",11,12,116,86,,,"Ian Williams","Andrew Mullen",88
,,1,"Devil's Peak (GB)",12,1,116,86,,,"John & Thady Gosden","Tyler Heard",72
,,1,"Bay Of Stars (GB)",13,8,116,86,,,"Dermot Weld","Ray Dawson",17
,,1,"Steel Raven (IRE)",14,11,115,85,,,"Adrian Keatley","Barry McHugh",137
,,1,"Vantage Code (IRE)",15,14,114,84,,,"Emmet Mullins","Rory Cleary",37
,,1,"Eniac (IRE)",16,13,114,82,,,"Brian Ellison","Cam Hardie",90
,,1,"Probation (GB)",17,16,114,81,,,"K Philippart de Foy","Harry Vigors (-5)",38
,,2,"Lake Forest (GB)",1,5,134,118,,,"William Haggas","Cieren Fallon",6.7
,,2,"Marvelman (IRE)",2,3,134,114,,,"Andrew Balding","Patrick McDonald",22
,,2,"Native Warrior (GB)",3,6,134,110,,,"Karl Burke","Clifford Lee",52
,,2,"Notable Speech (GB)",4,1,134,124,,,"Charlie Appleby","William Buick",3.2
,,2,"Paborus (GB)",5,13,134,113,,,"Edward Bethell","James Doyle",27
,,2,"Powerful Glory (IRE)",6,9,134,115,,,"Richard & Peter Fahey","Jamie Spencer",74
,,2,"Rogue Diplomat (IRE)",7,12,134,113,,,"James Owen","Harry Davies",23
,,2,"Satono Reve (JPN)",8,4,134,118,,,"Noriyuki Hori","Joao Moreira",7.0
,,2,"Ten Bob Tony (IRE)",9,8,134,121,,,"Ed Walker","Kieran Shoemark",4.7
,,2,"Flora Of Bermuda (IRE)",10,10,131,111,,,"Andrew Balding","Oisin Murphy",12
,,2,"Lifeplan (IRE)",11,14,129,113,,,"Declan Carroll","Zak Wheatley",93
,,2,"Power Blue (IRE)",12,7,129,110,,,"Robson De Aguiar","David Egan",48
,,2,"Puerto Rico (IRE)",13,11,129,113,,,"Aidan O'Brien","Ryan Moore",33
,,2,"Zavateri (IRE)",14,2,129,118,,,"Eve Johnson Houghton","Charles Bishop",9.7
,,3,"Opportunity (GB)",1,6,138,110,,,"William Haggas","James Doyle",16
,,3,"Epic Poet (IRE)",2,7,137,109,,,"David O'Meara","Daniel Tudhope",74
,,3,"Paradias (GER)",3,2,135,107,,,"Alan King","Kieran Shoemark",93
,,3,"Furthur (IRE)",4,16,134,106,,,"Andrew Balding","Oisin Murphy",47
,,3,"Spinning Wheel (GB)",5,24,134,102,,,"Simon & Ed Crisford","Mason Paetel (-5)",54
,,3,"Tarriance (GB)",6,12,133,105,,,"Andrew Balding","Colin Keane",15
,,3,"Mr Hollywood (IRE)",7,20,133,105,,,"Willie Mullins","Saffie Osborne",19
,,3,"Daiquiri Bay (GB)",8,1,133,105,,,"Alan King","Rossa Ryan",8.7
,,3,"Hopewell Rock (IRE)",9,3,133,101,,,"George Boughey","Callum Rodriguez",8.3
,,3,"Emit (IRE)",10,11,132,104,,,"Joseph O'Brien","Ryan Moore",5.4
,,3,"Paddy The Squire (GB)",11,14,132,104,,,"Iain Jardine","Andrew Mullen",21
,,3,"Poetic Sound (IRE)",12,22,130,102,,,"Ger Lyons","Gary Carroll",70
,,3,"Align The Stars (IRE)",13,17,129,101,,,"Charlie Johnston","Daniel Muscutt",76
,,3,"Burdett Road (GB)",14,4,129,101,,,"James Owen","Harry Davies",114
,,3,"Beylerbeyi (GB)",15,21,129,101,,,"Ian Williams","Clifford Lee",28
,,3,"Stressfree (FR)",16,5,127,99,,,"David O'Meara","Mark Winn",104
,,3,"Klassleader (GB)",17,13,126,98,,,"William Haggas","Tom Marquand",7.1
,,3,"Ascending (IRE)",18,9,126,98,,,"Henry De Bromhead","Oisin Orr",24
,,3,"Square Necker (FR)",19,23,125,97,,,"K Philippart de Foy","David Egan",16
,,3,"Real Dream (IRE)",20,10,124,96,,,"Ian Williams","Cieren Fallon",50
,,3,"Circus Of Rome (GB)",21,8,124,96,,,"Richard Hughes","Jamie Spencer",70
,,3,"Love Me Tender (GER)",22,15,124,96,,,"Willie Mullins","William Buick",6.7
,,3,"Enemy (GB)",23,19,123,95,,,"Ian Williams","TBC",
,,3,"Dancing In Paris (FR)",24,18,123,91,,,"Ian Williams","TBC",
,,4,"Stratusnine (IRE)",1,13,138,104,,,"Hugo Palmer","Harry Davies",15
,,4,"Sondad (GB)",2,7,138,104,,,"M & D Easterby","Joanna Mason",11
,,4,"Golden Mind (IRE)",3,6,134,100,,,"Richard & Peter Fahey","Oisin Orr",74
,,4,"Evening Saigon (IRE)",4,4,134,100,,,"Hamad Al Jehani","James Doyle",7.9
,,4,"Far Above Dream (IRE)",5,12,133,99,,,"James Owen","Kieran Shoemark",14
,,4,"Fine Interview (FR)",6,1,133,99,,,"Hamad Al Jehani","Callum Rodriguez",40
,,4,"Dance In The Storm (GB)",7,11,133,99,,,"Andrew Balding","Oisin Murphy",4.0
,,4,"Annaf (IRE)",8,16,132,98,,,"Michael Appleby","Daniel Muscutt",74
,,4,"Pocklington (GB)",9,10,132,98,,,"Geoff Oldroyd","Clifford Lee",45
,,4,"Fahrenheit Seven (GB)",10,15,131,97,,,"Robert Cowell","Ray Dawson",175
,,4,"King Of Light (GB)",11,9,131,97,,,"Stuart Williams","Ryan Moore",19
,,4,"Toca Madera (IRE)",12,14,130,96,,,"David O'Meara","Daniel Tudhope",25
,,4,"Flash Harry (GB)",13,17,130,96,,,"Clive Cox","Rossa Ryan",33
,,4,"Pure Legend (FR)",14,5,130,96,,,"Kevin Ryan","Kevin Stott",86
,,4,"Hammer The Hammer (IRE)",15,18,130,96,,,"Kevin Ryan","Shane Gray",80
,,4,"Realign (FR)",16,2,130,96,,,"William Haggas","Tom Marquand",20
,,4,"Air Force One (IRE)",17,3,130,91,,,"Geoff Oldroyd","Patrick McDonald",5.5
,,4,"Desert Falcon (IRE)",18,8,129,95,,,"Julie Camacho","Ryan Sexton",132
,,4,"Red Spells Danger (IRE)",19,19,129,98,,,"Tim Easterby","David Allan",17
,,4,"Coul Angel (IRE)",20,20,128,94,,,"Michael Appleby","Saffie Osborne",10